,Baseline Models,,,,,,,,,,,,,,,,,,PCA,,,,,,,,,,,,,,,,,,PCA + Smote,,,,,,,,,,,,,,,,
,,0,,,1,,,2,,,,Macro Average,,,Weighted Average,,,,,0,,,1,,,2,,,,Macro Average,,,Weighted Average,,,,,0,,,1,,,2,,,,Macro Average,,,Weighted Average,,
,,Precison ,Recall ,F1 Score,Precison ,Recall ,F1 Score,Precison ,Recall ,F1 Score,Accuracy,Precison ,Recall ,F1 Score,Precison ,Recall ,F1 Score,,,Precison ,Recall ,F1 Score,Precison ,Recall ,F1 Score,Precison ,Recall ,F1 Score,Accuracy,Precison ,Recall ,F1 Score,Precison ,Recall ,F1 Score,,,Precison ,Recall ,F1 Score,Precison ,Recall ,F1 Score,Precison ,Recall ,F1 Score,Accuracy,Precison ,Recall ,F1 Score,Precison ,Recall ,F1 Score
,KNN ,0.46,0.75,0.57,0.22,0.09,0.12,0.68,0.73,0.7,0.57,0.45,0.52,0.47,0.53,0.57,0.54,,KNN ,0.48,0.81,0.60,0.25,0.13,0.17,0.73,0.73,0.73,0.60,0.49,0.56,0.5,0.57,0.6,0.57,,KNN ,0.46,0.75,0.57,0.14,0.09,0.11,0.72,0.71,0.72,0.56,0.44,0.52,0.47,0.54,0.56,0.54
,Naive Bayes,0.36,1.0,0.52,0.67,0.17,0.28,0.79,0.62,0.69,0.57,0.6,0.6,0.5,0.69,0.57,0.56,,Naive Bayes,0.41,0.8,0.54,0.5,0.04,0.08,0.72,0.78,0.75,0.61,0.54,0.55,0.46,0.61,0.61,0.55,,Naive Bayes,0.39,0.81,0.53,0.2,0.04,0.07,0.7,0.71,0.7,0.56,0.43,0.52,0.43,0.52,0.56,0.52
,Logistic Regression,0.58,0.69,0.63,0.55,0.26,0.35,0.72,0.84,0.77,0.67,0.61,0.59,0.58,0.65,0.67,0.65,,Logistic Regression,0.52,0.69,0.59,0.50,0.04,0.08,0.69,0.89,0.78,0.65,0.57,0.54,0.48,0.62,0.65,0.58,,Logistic Regression,0.52,0.81,0.63,0.33,0.09,0.14,0.71,0.82,0.76,0.64,0.52,0.57,0.51,0.59,0.64,0.59
,Decision Tree,0.39,0.56,0.46,0.00,0.00,0.00,0.64,0.67,0.65,0.49,0.34,0.41,0.37,0.44,0.49,0.46,,Decision Tree,0.47,0.56,0.51,0.08,0.04,0.06,0.63,0.71,0.67,0.52,0.39,0.44,0.41,0.47,0.52,0.49,,Decision Tree,0.48,0.75,0.59,0.31,0.22,0.26,0.72,0.69,0.7,0.59,0.5,0.55,0.52,0.58,0.59,0.57
,RandomForest,0.67,0.62,0.65,0.43,0.13,0.20,0.68,0.89,0.77,0.66,0.59,0.55,0.54,0.62,0.66,0.61,,RandomForest,0.56,0.56,0.56,0.50,0.13,0.21,0.68,0.89,0.77,0.65,0.58,0.53,0.51,0.62,0.65,0.60,,RandomForest,0.46,0.69,0.55,0.14,0.04,0.07,0.7,0.8,0.75,0.6,0.43,0.51,0.45,0.52,0.6,0.55
,Gradient Boosting,0.57,0.75,0.65,0.50,0.26,0.34,0.72,0.8,0.76,0.66,0.6,0.6,0.58,0.64,0.66,0.64,,Gradient Boosting,0.44,0.44,0.44,0.43,0.13,0.2,0.66,0.85,0.75,0.61,0.51,0.47,0.46,0.57,0.61,0.56,,Gradient Boosting,0.48,0.75,0.59,0.25,0.09,0.13,0.69,0.76,0.72,0.6,0.47,0.53,0.48,0.55,0.6,0.55
,XGBoost,0.53,0.62,0.57,0.54,0.30,0.39,0.73,0.82,0.77,0.66,0.6,0.58,0.58,0.65,0.66,0.64,,XGBoost,0.6,0.56,0.58,0.5,0.13,0.21,0.68,0.91,0.78,0.66,0.59,0.53,0.52,0.63,0.66,0.61,,XGBoost,0.46,0.69,0.55,0.29,0.09,0.13,0.68,0.78,0.73,0.6,0.48,0.52,0.47,0.55,0.6,0.55
,AdaBoost,0.48,0.75,0.59,0.75,0.39,0.51,0.77,0.8,0.79,0.69,0.67,0.65,0.63,0.72,0.69,0.69,,AdaBoost,0.42,0.69,0.52,0.29,0.09,0.13,0.7,0.78,0.74,0.6,0.47,0.52,0.47,0.55,0.6,0.56,,AdaBoost,0.44,0.75,0.56,0,0,0,0.69,0.82,0.75,0.61,0.38,0.52,0.44,0.48,0.61,0.53
,Extra Trees,0.47,0.5,0.48,0.40,0.17,0.24,0.67,0.82,0.74,0.61,0.51,0.5,0.49,0.57,0.61,0.57,,Extra Trees,0.53,0.62,0.57,0.5,0.13,0.21,0.67,0.84,0.74,0.63,0.5,0.5,0.47,0.55,0.61,0.55,,Extra Trees,0.48,0.75,0.59,0.14,0.04,0.07,0.69,0.78,0.74,0.6,0.44,0.53,0.46,0.52,0.6,0.55
,Lightgbm,0.6,0.56,0.58,0.48,0.43,0.45,0.78,0.82,0.8,0.68,0.62,0.61,0.61,0.67,0.68,0.68,,Lightgbm,0.60,0.56,0.58,0.29,0.17,0.22,0.69,0.82,0.75,0.62,0.53,0.52,0.52,0.58,0.62,0.59,,Lightgbm,0.44,0.69,0.54,0.14,0.09,0.11,0.71,0.71,0.71,0.55,0.43,0.49,0.45,0.52,0.55,0.53
,SVM,0.56,0.56,0.56,0.33,0.09,0.14,0.68,0.89,0.77,0.64,0.53,0.51,0.49,0.58,0.64,0.58,,SVM,0.52,0.75,0.62,0.00,0.00,0.00,0.69,0.89,0.78,0.65,0.4,0.55,0.46,0.49,0.65,0.56,,SVM,0.44,0.69,0.54,0,0,0,0.68,0.80,0.73,0.59,0.37,0.5,0.42,0.47,0.59,0.52
,MLP,0.6,0.56,0.58,0.35,0.26,0.30,0.66,0.75,0.7,0.6,0.54,0.52,0.53,0.58,0.6,0.58,,MLP,0.5,0.69,0.58,0.36,0.22,0.27,0.72,0.76,0.74,0.62,0.53,0.56,0.53,0.6,0.62,0.6,,MLP,0.43,0.62,0.51,0.09,0.04,0.06,0.7,0.76,0.73,0.56,0.41,0.48,0.43,0.51,0.56,0.53
,CatBoost,0.61,0.69,0.65,0.70,0.30,0.42,0.74,0.89,0.81,0.71,0.68,0.63,0.63,0.71,0.71,0.69,,CatBoost,0.53,0.62,0.57,0.00,0.00,0.00,0.68,0.93,0.78,0.65,0.4,0.52,0.45,0.49,0.65,0.56,,CatBoost,0.44,0.69,0.54,0,0,0,0.69,0.82,0.75,0.6,0.38,0.5,0.43,0.48,0.6,0.53
,,,,,,,,,,,,,,,,,,,,,,,,,,,,,,,,,,,,,,,,,,,,,,,,,,,,,
,,,,,,,,,,,,,,,,,,,,,,,,,,,,,,,,,,,,,,,,,,,,,,,,,,,,,
,SMOTE,,,,,,,,,,,,,,,,,,ICA,,,,,,,,,,,,,,,,,,ICA+smote,,,,,,,,,,,,,,,,
,,0,,,1,,,2,,,,Macro Average,,,Weighted Average,,,,,0,,,1,,,2,,,,Macro Average,,,Weighted Average,,,,,0,,,1,,,2,,,,Macro Average,,,Weighted Average,,
,,Precison ,Recall ,F1 Score,Precison ,Recall ,F1 Score,Precison ,Recall ,F1 Score,Accuracy,Precison ,Recall ,F1 Score,Precison ,Recall ,F1 Score,,,Precison ,Recall ,F1 Score,Precison ,Recall ,F1 Score,Precison ,Recall ,F1 Score,Accuracy,Precison ,Recall ,F1 Score,Precison ,Recall ,F1 Score,,,Precison ,Recall ,F1 Score,Precison ,Recall ,F1 Score,Precison ,Recall ,F1 Score,Accuracy,Precison ,Recall ,F1 Score,Precison ,Recall ,F1 Score
,KNN ,0.41,0.69,0.51,0.15,0.09,0.11,0.65,0.64,0.64,0.51,0.4,0.47,0.42,0.49,0.51,0.49,,KNN ,0.38,0.62,0.48,0.25,0.13,0.17,0.7,0.71,0.7,0.55,0.44,0.49,0.45,0.53,0.55,0.53,,KNN ,0.46,0.81,0.59,0.11,0.04,0.06,0.72,0.75,0.73,0.59,0.43,0.53,0.46,0.53,0.59,0.54
,Naive Bayes,0.37,0.9,0.53,0.38,0.13,0.19,0.76,0.62,0.68,0.55,0.5,0.56,0.47,0.6,0.55,0.53,,Naive Bayes,0.41,0.8,0.54,0.4,0.09,0.14,0.7,0.73,0.71,0.59,0.5,0.54,0.47,0.58,0.59,0.55,,Naive Bayes,0.39,0.8,0.53,0.25,0.09,0.13,0.72,0.69,0.7,0.56,0.45,0.53,0.45,0.55,0.56,0.53
,Logistic Regression,0.55,0.75,0.63,0.53,0.35,0.42,0.75,0.78,0.77,0.67,0.61,0.63,0.61,0.66,0.67,0.66,,Logistic Regression,0.52,0.69,0.59,0.50,0.04,0.08,0.69,0.89,0.78,0.65,0.57,0.54,0.48,0.62,0.65,0.58,,Logistic Regression,0.52,0.81,0.63,0.33,0.09,0.14,0.71,0.82,0.76,0.64,0.52,0.57,0.51,0.59,0.64,0.59
,Decision Tree,0.41,0.69,0.51,0.33,0.35,0.34,0.77,0.6,0.67,0.55,0.5,0.55,0.51,0.6,0.55,0.56,,Decision Tree,0.45,0.56,0.5,0.21,0.13,0.16,0.62,0.67,0.64,0.52,0.43,0.46,0.44,0.56,0.57,0.56,,Decision Tree,0.47,0.88,0.61,0.33,0.13,0.19,0.73,0.73,0.73,0.61,0.51,0.58,0.51,0.59,0.61,0.58
,RandomForest,0.5,0.75,0.60,0.43,0.13,0.2,0.73,0.84,0.78,0.65,0.55,0.57,0.53,0.62,0.65,0.61,,RandomForest,0.44,0.5,0.47,0.33,0.09,0.14,0.64,0.82,0.72,0.59,0.47,0.47,0.44,0.53,0.59,0.54,,RandomForest,0.42,0.69,0.52,0.17,0.04,0.07,0.71,0.8,0.75,0.6,0.43,0.51,0.45,0.53,0.6,0.55
,Gradient Boosting,0.55,0.75,0.63,0.44,0.35,0.39,0.74,0.73,0.73,0.64,0.58,0.61,0.59,0.64,0.64,0.63,,Gradient Boosting,0.53,0.62,0.57,0.29,0.09,0.13,0.66,0.82,0.73,0.61,0.49,0.51,0.48,0.55,0.61,0.56,,Gradient Boosting,0.5,0.69,0.58,0.36,0.17,0.24,0.72,0.80,0.76,0.63,0.53,0.55,0.52,0.6,0.63,0.6
,XGBoost,0.48,0.75,0.59,0.54,0.3,0.39,0.73,0.75,0.74,0.64,0.58,0.6,0.57,0.64,0.64,0.63,,XGBoost,0.55,0.69,0.61,0.44,0.17,0.25,0.71,0.84,0.77,0.65,0.57,0.57,0.54,0.62,0.65,0.61,,XGBoost,0.48,0.75,0.59,0.25,0.09,0.13,0.7,0.78,0.74,0.61,0.48,0.54,0.49,0.56,0.61,0.56
,AdaBoost,0.4,0.75,0.52,0.58,0.3,0.4,0.77,0.73,0.75,0.63,0.58,0.59,0.56,0.66,0.63,0.62,,AdaBoost,0.58,0.44,0.5,0.14,0.04,0.07,0.64,0.87,0.74,0.6,0.46,0.45,0.44,0.51,0.6,0.53,,AdaBoost,0.53,0.56,0.55,0.27,0.17,0.21,0.68,0.76,0.72,0.59,0.49,0.5,0.49,0.55,0.59,0.56
,Extra Trees,0.48,0.69,0.56,0.44,0.17,0.25,0.73,0.82,0.77,0.64,0.55,0.56,0.53,0.61,0.64,0.61,,Extra Trees,0.44,0.50,0.47,0.17,0.04,0.07,0.64,0.82,0.72,0.57,0.42,0.45,0.42,0.49,0.57,0.52,,Extra Trees,0.42,0.69,0.52,0.11,0.04,0.06,0.69,0.75,0.72,0.56,0.41,0.49,0.44,0.51,0.56,0.53
,Lightgbm,0.57,0.81,0.67,0.5,0.39,0.44,0.75,0.73,0.74,0.66,0.61,0.64,0.62,0.66,0.66,0.65,,Lightgbm,0.62,0.5,0.55,0.2,0.09,0.12,0.65,0.84,0.73,0.60,0.49,0.47,0.47,0.53,0.6,0.55,,Lightgbm,0.46,0.69,0.55,0.1,0.04,0.06,0.7,0.76,0.73,0.57,0.42,0.5,0.45,0.51,0.57,0.54
,SVM,0.5,0.75,0.6,0.33,0.09,0.14,0.69,0.80,0.74,0.62,0.51,0.55,0.49,0.57,0.62,0.57,,SVM,0.5,0.69,0.58,0.00,0.00,0.00,0.68,0.89,0.77,0.64,0.39,0.53,0.45,0.48,0.64,0.55,,SVM,0.48,0.62,0.54,0.00,0.00,0.00,0.66,0.80,0.72,0.57,0.38,0.48,0.42,0.47,0.57,0.51
,MLP,0.57,0.75,0.65,0.39,0.3,0.34,0.71,0.71,0.71,0.62,0.56,0.59,0.57,0.61,0.62,0.61,,MLP,0.52,0.75,0.62,0.29,0.17,0.22,0.7,0.73,0.71,0.6,0.5,0.55,0.52,0.57,0.6,0.58,,MLP,0.45,0.62,0.53,0.21,0.13,0.16,0.69,0.73,0.71,0.56,0.45,0.49,0.47,0.53,0.56,0.54
,CatBoost,0.52,0.75,0.62,0.62,0.35,0.44,0.76,0.80,0.78,0.68,0.63,0.63,0.61,0.68,0.68,0.67,,CatBoost,0.58,0.44,0.5,0.50,0.04,0.08,0.65,0.95,0.77,0.64,0.58,0.48,0.45,0.6,0.64,0.56,,CatBoost,0.46,0.69,0.55,0.17,0.04,0.07,0.67,0.78,0.72,0.59,0.43,0.5,0.45,0.51,0.59,0.53
,,,,,,,,,,,,,,,,,,,,,,,,,,,,,,,,,,,,,,,,,,,,,,,,,,,,,
,,,,,,,,,,,,,,,,,,,,,,,,,,,,,,,,,,,,,,,,,,,,,,,,,,,,,
,Hyperparameter + SMOTE,,,,,,,,,,,,,,,,,,RFE,,,,,,,,,,,,,,,,,,RFE+smote                                                                                           ,,,,,,,,,,,,,,,,
,,0,,,1,,,2,,,,Macro Average,,,Weighted Average,,,,,0,,,1,,,2,,,,Macro Average,,,Weighted Average,,,,,0,,,1,,,2,,,,Macro Average,,,Weighted Average,,
,,Precison ,Recall ,F1 Score,Precison ,Recall ,F1 Score,Precison ,Recall ,F1 Score,Accuracy,Precison ,Recall ,F1 Score,Precison ,Recall ,F1 Score,,,Precison ,Recall ,F1 Score,Precison ,Recall ,F1 Score,Precison ,Recall ,F1 Score,Accuracy,Precison ,Recall ,F1 Score,Precison ,Recall ,F1 Score,,,Precison ,Recall ,F1 Score,Precison ,Recall ,F1 Score,Precison ,Recall ,F1 Score,Accuracy,Precison ,Recall ,F1 Score,Precison ,Recall ,F1 Score
,KNN ,0.41,0.69,0.51,0.17,0.09,0.11,0.64,0.64,0.64,0.51,0.4,0.47,0.42,0.48,0.51,0.49,,KNN ,0.39,0.88,0.54,1,0.04,0.08,0.79,0.82,0.8,0.64,0.73,0.58,0.48,0.77,0.64,0.58,,KNN ,0.39,0.88,0.54,0,0,0,0.71,0.71,0.71,0.56,0.37,0.53,0.42,0.48,0.56,0.51
,Naive Bayes,0.37,0.9,0.53,0.38,0.13,0.19,0.76,0.62,0.68,0.55,0.5,0.56,0.47,0.6,0.55,0.53,,Naive Bayes,0.32,0.9,0.48,0.67,0.09,0.15,0.77,0.62,0.69,0.54,0.59,0.55,0.44,0.67,0.54,0.52,,Naive Bayes,0.39,0.88,0.54,1,0.04,0.08,0.74,0.76,0.75,0.61,0.71,0.56,0.46,0.74,0.61,0.55
,Logistic Regression,0.48,0.75,0.59,0.70,0.30,0.42,0.75,0.8,0.77,0.67,0.64,0.62,0.59,0.69,0.67,0.66,,Logistic Regression,0.41,0.88,0.56,1.00,0.09,0.16,0.79,0.84,0.81,0.66,0.73,0.6,0.51,0.78,0.66,0.61,,Logistic Regression,0.39,0.88,0.54,1,0.04,0.08,0.74,0.76,0.75,0.61,0.71,0.56,0.46,0.74,0.61,0.55
,Decision Tree,0.43,0.62,0.51,0.18,0.17,0.18,0.69,0.62,0.65,0.51,0.44,0.47,0.45,0.52,0.51,0.51,,Decision Tree,0.41,0.88,0.56,0.60,0.13,0.21,0.8,0.8,0.8,0.65,0.6,0.6,0.52,0.68,0.65,0.62,,Decision Tree,0.39,0.88,0.54,0.24,0.17,0.2,0.73,0.55,0.62,0.51,0.45,0.53,0.45,0.55,0.51,0.51
,RandomForest,0.47,0.5,0.48,0.38,0.13,0.19,0.68,0.85,0.76,0.62,0.51,0.49,0.48,0.57,0.62,0.57,,RandomForest,0.41,0.88,0.56,1.00,0.04,0.08,0.78,0.84,0.81,0.65,0.73,0.58,0.48,0.77,0.65,0.59,,RandomForest,0.39,0.88,0.54,0.25,0.13,0.17,0.74,0.62,0.67,0.54,0.46,0.54,0.46,0.56,0.54,0.53
,Gradient Boosting,0.52,0.69,0.59,0.36,0.17,0.24,0.71,0.8,0.75,0.63,0.53,0.55,0.53,0.59,0.63,0.60,,Gradient Boosting,0.41,0.88,0.56,1.00,0.04,0.08,0.78,0.84,0.81,0.65,0.73,0.58,0.48,0.77,0.65,0.59,,Gradient Boosting,0.39,0.88,0.54,0,0,0,0.72,0.75,0.73,0.59,0.37,0.54,0.42,0.49,0.59,0.52
,XGBoost,0.55,0.75,0.63,0.47,0.39,0.43,0.75,0.73,0.74,0.65,0.59,0.62,0.60,0.65,0.65,0.65,,XGBoost,0.41,0.88,0.56,1.00,0.04,0.08,0.78,0.84,0.81,0.65,0.73,0.58,0.48,0.77,0.65,0.59,,XGBoost,0.39,0.88,0.54,0,0,0,0.72,0.75,0.73,0.59,0.37,0.54,0.42,0.49,0.59,0.52
,AdaBoost,0.48,0.69,0.56,0.50,0.3,0.38,0.75,0.78,0.77,0.65,0.58,0.59,0.57,0.65,0.65,0.64,,AdaBoost,0,0,0,0.34,0.52,0.41,0.78,0.84,0.81,0.62,0.37,0.45,0.41,0.54,0.62,0.57,,AdaBoost,0.39,0.88,0.54,0,0,0,0.74,0.76,0.75,0.60,0.37,0.55,0.43,0.5,0.6,0.53
,Extra Trees,0.5,0.69,0.58,0.33,0.09,0.14,0.7,0.84,0.76,0.63,0.51,0.54,0.49,0.57,0.63,0.58,,Extra Trees,0.41,0.88,0.56,0.60,0.13,0.21,0.8,0.8,0.8,0.65,0.6,0.6,0.52,0.68,0.65,0.62,,Extra Trees,0.39,0.88,0.54,0.24,0.17,0.2,0.73,0.55,0.62,0.51,0.45,0.53,0.45,0.55,0.51,0.51
,Lightgbm,0.52,0.69,0.59,0.50,0.35,0.41,0.72,0.75,0.73,0.64,0.58,0.59,0.58,0.63,0.64,0.63,,Lightgbm,0.41,0.88,0.56,1.00,0.04,0.08,0.78,0.84,0.81,0.65,0.73,0.58,0.48,0.77,0.65,0.59,,Lightgbm,0.39,0.88,0.54,0,0,0,0.72,0.76,0.74,0.60,0.37,0.55,0.43,0.49,0.6,0.53
,SVM,0.5,0.81,0.62,0.36,0.17,0.24,0.7,0.73,0.71,0.61,0.52,0.57,0.52,0.58,0.61,0.58,,SVM,0.41,0.88,0.56,0,0,0,0.77,0.84,0.8,0.64,0.39,0.57,0.45,0.52,0.64,0.56,,SVM,0.39,0.88,0.54,0,0,0,0.72,0.75,0.73,0.60,0.37,0.55,0.43,0.5,0.6,0.53
,MLP,0.57,0.75,0.65,0.39,0.3,0.34,0.71,0.71,0.71,0.62,0.56,0.59,0.57,0.61,0.62,0.61,,MLP,0.41,0.88,0.56,1.00,0.04,0.08,0.78,0.84,0.81,0.65,0.73,0.58,0.48,0.77,0.65,0.59,,MLP,0.39,0.88,0.54,0,0,0,0.72,0.76,0.74,0.60,0.37,0.55,0.43,0.49,0.6,0.53
,CatBoost,0.57,0.75,0.65,0.54,0.3,0.39,0.73,0.8,0.77,0.67,0.61,0.62,0.60,0.66,0.67,0.65,,CatBoost,0.41,0.88,0.56,1.00,0.04,0.08,0.78,0.84,0.81,0.65,0.73,0.58,0.48,0.77,0.65,0.59,,CatBoost,0.39,0.88,0.54,0,0,0,0.72,0.76,0.74,0.60,0.37,0.55,0.43,0.49,0.6,0.53
,,,,,,,,,,,,,,,,,,,,,,,,,,,,,,,,,,,,,,,,,,,,,,,,,,,,,
,,,,,,,,,,,,,,,,,,,,,,,,,,,,,,,,,,,,,,,,,,,,,,,,,,,,,
,,,,,,,,,,,,,,,,,,,Annova,,,,,,,,,,,,,,,,,,Annova+smote,,,,,,,,,,,,,,,,
,,,,,,,,,,,,,,,,,,,,0,,,1,,,2,,,,Macro Average,,,Weighted Average,,,,,0,,,1,,,2,,,,Macro Average,,,Weighted Average,,
,,,,,,,,,,,,,,,,,,,,Precison ,Recall ,F1 Score,Precison ,Recall ,F1 Score,Precison ,Recall ,F1 Score,Accuracy,Precison ,Recall ,F1 Score,Precison ,Recall ,F1 Score,,,Precison ,Recall ,F1 Score,Precison ,Recall ,F1 Score,Precison ,Recall ,F1 Score,Accuracy,Precison ,Recall ,F1 Score,Precison ,Recall ,F1 Score
,,,,,,,,,,,,,,,,,,,KNN ,0,0,0,0.41,0.61,0.49,0.77,0.84,0.8,0.64,0.39,0.48,0.43,0.55,0.64,0.59,,KNN ,0.11,0.06,0.08,0.34,0.48,0.4,0.79,0.76,0.78,0.57,0.42,0.43,0.42,0.57,0.57,0.57
,,,,,,,,,,,,,,,,,,,Naive Bayes,0.38,0.9,0.53,0.25,0.09,0.13,0.78,0.69,0.73,0.57,0.47,0.55,0.46,0.58,0.57,0.55,,Naive Bayes,0.33,0.94,0.49,0.17,0.04,0.07,0.84,0.65,0.73,0.55,0.45,0.55,0.43,0.59,0.55,0.53
,,,,,,,,,,,,,,,,,,,Logistic Regression,0.5,0.69,0.58,0.40,0.17,0.24,0.71,0.8,0.75,0.63,0.54,0.55,0.52,0.6,0.63,0.60,,Logistic Regression,0.48,0.69,0.56,0.36,0.22,0.27,0.72,0.75,0.73,0.61,0.52,0.55,0.52,0.59,0.61,0.59
,,,,,,,,,,,,,,,,,,,Decision Tree,0.56,0.56,0.56,0.43,0.43,0.43,0.75,0.75,0.75,0.64,0.58,0.58,0.58,0.64,0.64,0.64,,Decision Tree,0.39,0.75,0.51,0.50,0.3,0.38,0.78,0.69,0.73,0.61,0.55,0.58,0.54,0.64,0.61,0.61
,,,,,,,,,,,,,,,,,,,RandomForest,0.67,0.5,0.57,0.37,0.3,0.33,0.7,0.89,0.75,0.63,0.58,0.53,0.55,0.61,0.63,0.62,,RandomForest,0.39,0.75,0.51,0.40,0.17,0.24,0.74,0.71,0.72,0.59,0.51,0.54,0.49,0.59,0.59,0.57
,,,,,,,,,,,,,,,,,,,Gradient Boosting,0.67,0.5,0.57,0.32,0.3,0.31,0.68,0.75,0.71,0.6,0.56,0.52,0.53,0.59,0.6,0.59,,Gradient Boosting,0.41,0.75,0.53,0.53,0.35,0.42,0.78,0.71,0.74,0.63,0.58,0.6,0.57,0.66,0.63,0.63
,,,,,,,,,,,,,,,,,,,XGBoost,0.5,0.69,0.58,0.33,0.17,0.23,0.68,0.75,0.71,0.6,0.51,0.54,0.51,0.57,0.6,0.57,,XGBoost,0.4,0.75,0.52,0.46,0.26,0.33,0.76,0.71,0.74,0.61,0.54,0.57,0.53,0.63,0.61,0.6
,,,,,,,,,,,,,,,,,,,AdaBoost,0.27,0.19,0.22,0.23,0.22,0.22,0.7,0.78,0.74,0.54,0.4,0.4,0.4,0.51,0.54,0.53,,AdaBoost,0.39,0.69,0.5,0.54,0.3,0.39,0.75,0.73,0.74,0.62,0.56,0.57,0.54,0.64,0.62,0.61
,,,,,,,,,,,,,,,,,,,Extra Trees,0.56,0.56,0.56,0.38,0.35,0.36,0.72,0.75,0.73,0.62,0.55,0.55,0.55,0.61,0.62,0.61,,Extra Trees,0.39,0.75,0.51,0.36,0.17,0.24,0.73,0.69,0.71,0.57,0.49,0.54,0.49,0.58,0.57,0.56
,,,,,,,,,,,,,,,,,,,Lightgbm,0.67,0.5,0.57,0.32,0.3,0.31,0.68,0.75,0.71,0.6,0.56,0.52,0.53,0.59,0.6,0.59,,Lightgbm,0.41,0.75,0.53,0.45,0.22,0.29,0.76,0.75,0.75,0.62,0.54,0.57,0.53,0.63,0.62,0.6
,,,,,,,,,,,,,,,,,,,SVM,0.67,0.5,0.57,0.33,0.22,0.26,0.69,0.84,0.75,0.63,0.56,0.52,0.53,0.6,0.63,0.6,,SVM,0.43,0.75,0.55,0.44,0.17,0.25,0.75,0.78,0.77,0.63,0.54,0.57,0.52,0.62,0.63,0.6
,,,,,,,,,,,,,,,,,,,MLP,0.67,0.5,0.57,0.35,0.3,0.33,0.69,0.78,0.74,0.62,0.57,0.53,0.54,0.6,0.62,0.61,,MLP,0.41,0.75,0.53,0.50,0.26,0.34,0.77,0.75,0.76,0.63,0.56,0.59,0.55,0.65,0.63,0.62
,,,,,,,,,,,,,,,,,,,CatBoost,0.67,0.5,0.57,0.38,0.26,0.31,0.7,0.84,0.76,0.64,0.58,0.53,0.55,0.61,0.64,0.62,,CatBoost,0.46,0.75,0.57,0.57,0.35,0.43,0.78,0.76,0.77,0.66,0.6,0.62,0.59,0.67,0.66,0.65
,,,,,,,,,,,,,,,,,,,,,,,,,,,,,,,,,,,,,,,,,,,,,,,,,,,,,
,,,,,,,,,,,,,,,,,,,,,,,,,,,,,,,,,,,,,,,,,,,,,,,,,,,,,
,,,,,,,,,,,,,,,,,,,Forward Selection,,,,,,,,,,,,,,,,,,Forward Selection+smote,,,,,,,,,,,,,,,,
,,,,,,,,,,,,,,,,,,,,0,,,1,,,2,,,,Macro Average,,,Weighted Average,,,,,0,,,1,,,2,,,,Macro Average,,,Weighted Average,,
,,,,,,,,,,,,,,,,,,,,Precison ,Recall ,F1 Score,Precison ,Recall ,F1 Score,Precison ,Recall ,F1 Score,Accuracy,Precison ,Recall ,F1 Score,Precison ,Recall ,F1 Score,,,Precison ,Recall ,F1 Score,Precison ,Recall ,F1 Score,Precison ,Recall ,F1 Score,Accuracy,Precison ,Recall ,F1 Score,Precison ,Recall ,F1 Score
,,,,,,,,,,,,,,,,,,,KNN ,0.37,0.69,0.48,0.33,0.13,0.19,0.69,0.69,0.69,0.55,0.46,0.5,0.45,0.55,0.55,0.53,,KNN ,0.37,0.69,0.48,0.33,0.26,0.29,0.7,0.58,0.63,0.52,0.47,0.51,0.47,0.55,0.52,0.52
,,,,,,,,,,,,,,,,,,,Naive Bayes,0.35,0.7,0.47,0.33,0.04,0.08,0.67,0.73,0.70,0.55,0.45,0.49,0.41,0.53,0.55,0.51,,Naive Bayes,0.23,1,0.37,0,0,0,0.83,0.35,0.49,0.37,0.35,0.45,0.28,0.52,0.37,0.35
,,,,,,,,,,,,,,,,,,,Logistic Regression,0.5,0.5,0.5,0.25,0.04,0.07,0.64,0.85,0.73,0.6,0.46,0.47,0.43,0.52,0.6,0.53,,Logistic Regression,0.39,0.75,0.51,0.40,0.09,0.14,0.69,0.73,0.71,0.57,0.49,0.52,0.45,0.57,0.57,0.54
,,,,,,,,,,,,,,,,,,,Decision Tree,0.47,0.5,0.48,0.33,0.13,0.19,0.65,0.8,0.72,0.59,0.48,0.48,0.46,0.54,0.59,0.55,,Decision Tree,0.38,0.69,0.49,0.30,0.13,0.18,0.69,0.69,0.69,0.55,0.46,0.5,0.45,0.54,0.55,0.53
,,,,,,,,,,,,,,,,,,,RandomForest,0.5,0.5,0.5,0.33,0.09,0.12,0.64,0.84,0.72,0.6,0.49,0.47,0.45,0.54,0.6,0.54,,RandomForest,0.38,0.69,0.49,0.30,0.13,0.18,0.69,0.69,0.69,0.55,0.46,0.5,0.45,0.54,0.55,0.53
,,,,,,,,,,,,,,,,,,,Gradient Boosting,0.5,0.5,0.5,0.40,0.17,0.24,0.65,0.80,0.72,0.6,0.52,0.49,0.49,0.56,0.6,0.56,,Gradient Boosting,0.38,0.69,0.49,0.22,0.09,0.12,0.68,0.69,0.68,0.54,0.43,0.49,0.43,0.52,0.54,0.51
,,,,,,,,,,,,,,,,,,,XGBoost,0.5,0.5,0.5,0.33,0.09,0.14,0.64,0.84,0.72,0.6,0.49,0.47,0.45,0.54,0.6,0.54,,XGBoost,0.38,0.69,0.49,0.22,0.09,0.12,0.68,0.69,0.68,0.54,0.43,0.49,0.43,0.52,0.54,0.51
,,,,,,,,,,,,,,,,,,,AdaBoost,0.5,0.5,0.5,0.25,0.04,0.07,0.64,0.85,0.73,0.6,0.46,0.47,0.43,0.52,0.6,0.53,,AdaBoost,0.38,0.75,0.5,0.4,0.09,0.14,0.68,0.71,0.7,0.56,0.49,0.52,0.45,0.56,0.56,0.53
,,,,,,,,,,,,,,,,,,,Extra Trees,0.47,0.5,0.48,0.38,0.13,0.19,0.65,0.82,0.73,0.6,0.5,0.48,0.47,0.55,0.59,0.55,,Extra Trees,0.38,0.69,0.49,0.3,0.13,0.18,0.69,0.69,0.69,0.55,0.46,0.5,0.45,0.54,0.55,0.53
,,,,,,,,,,,,,,,,,,,Lightgbm,0.5,0.5,0.5,0.38,0.13,0.19,0.64,0.82,0.72,0.60,0.51,0.48,0.47,0.55,0.6,0.55,,Lightgbm,0.38,0.69,0.49,0.25,0.09,0.13,0.68,0.71,0.7,0.55,0.44,0.49,0.44,0.53,0.55,0.52
,,,,,,,,,,,,,,,,,,,SVM,0.5,0.5,0.5,0.25,0.04,0.07,0.64,0.85,0.73,0.6,0.46,0.47,0.43,0.52,0.6,0.53,,SVM,0.38,0.69,0.49,0.25,0.09,0.13,0.68,0.71,0.7,0.55,0.44,0.49,0.44,0.53,0.55,0.52
,,,,,,,,,,,,,,,,,,,MLP,0.5,0.5,0.5,0.29,0.09,0.13,0.63,0.82,0.71,0.59,0.47,0.47,0.45,0.53,0.59,0.54,,MLP,0.38,0.69,0.49,0.22,0.09,0.12,0.68,0.69,0.68,0.54,0.43,0.49,0.43,0.52,0.54,0.51
,,,,,,,,,,,,,,,,,,,CatBoost,0.5,0.5,0.5,0.25,0.04,0.07,0.64,0.85,0.73,0.6,0.46,0.47,0.43,0.52,0.6,0.53,,CatBoost,0.38,0.69,0.49,0.25,0.09,0.13,0.68,0.71,0.7,0.55,0.44,0.49,0.44,0.53,0.55,0.52
,,,,,,,,,,,,,,,,,,,,,,,,,,,,,,,,,,,,,,,,,,,,,,,,,,,,,
,,,,,,,,,,,,,,,,,,,Backward Selection,,,,,,,,,,,,,,,,,,Backward Selection+smote,,,,,,,,,,,,,,,,
,,,,,,,,,,,,,,,,,,,,0,,,1,,,2,,,,Macro Average,,,Weighted Average,,,,,0,,,1,,,2,,,,Macro Average,,,Weighted Average,,
,,,,,,,,,,,,,,,,,,,,Precison ,Recall ,F1 Score,Precison ,Recall ,F1 Score,Precison ,Recall ,F1 Score,Accuracy,Precison ,Recall ,F1 Score,Precison ,Recall ,F1 Score,,,Precison ,Recall ,F1 Score,Precison ,Recall ,F1 Score,Precison ,Recall ,F1 Score,Accuracy,Precison ,Recall ,F1 Score,Precison ,Recall ,F1 Score
,,,,,,,,,,,,,,,,,,,KNN ,0.43,0.56,0.49,0.21,0.13,0.16,0.75,0.8,0.77,0.60,0.46,0.5,0.47,0.56,0.6,0.57,,KNN ,0.53,0.56,0.55,0.33,0.26,0.29,0.71,0.76,0.74,0.61,0.52,0.53,0.52,0.59,0.61,0.6
,,,,,,,,,,,,,,,,,,,Naive Bayes,0.35,1.0,0.52,0.5,0.13,0.21,0.76,0.58,0.66,0.54,0.54,0.57,0.46,0.63,0.54,0.52,,Naive Bayes,0.39,0.94,0.56,0.33,0.09,0.14,0.76,0.69,0.72,0.59,0.5,0.57,0.47,0.59,0.59,0.55
,,,,,,,,,,,,,,,,,,,Logistic Regression,0.63,0.75,0.69,0.75,0.39,0.51,0.78,0.89,0.83,0.74,0.72,0.68,0.68,0.75,0.74,0.73,,Logistic Regression,0.52,0.69,0.59,0.69,0.39,0.5,0.75,0.82,0.78,0.69,0.66,0.63,0.63,0.7,0.69,0.68
,,,,,,,,,,,,,,,,,,,Decision Tree,0.48,0.81,0.6,0.57,0.35,0.43,0.77,0.75,0.76,0.66,0.61,0.64,0.6,0.67,0.66,0.65,,Decision Tree,0.45,0.88,0.6,0.50,0.3,0.38,0.78,0.69,0.73,0.63,0.58,0.62,0.57,0.65,0.63,0.62
,,,,,,,,,,,,,,,,,,,RandomForest,0.59,0.81,0.68,0.62,0.22,0.32,0.73,0.85,0.79,0.69,0.65,0.63,0.60,0.68,0.69,0.66,,RandomForest,0.48,0.81,0.6,0.44,0.17,0.25,0.72,0.76,0.74,0.63,0.55,0.58,0.53,0.61,0.63,0.6
,,,,,,,,,,,,,,,,,,,Gradient Boosting,0.6,0.75,0.67,0.46,0.26,0.33,0.72,0.8,0.76,0.66,0.59,0.6,0.59,0.64,0.66,0.64,,Gradient Boosting,0.48,0.75,0.59,0.44,0.35,0.39,0.75,0.69,0.72,0.62,0.56,0.6,0.56,0.63,0.62,0.61
,,,,,,,,,,,,,,,,,,,XGBoost,0.6,0.75,0.67,0.67,0.35,0.46,0.76,0.85,0.8,0.71,0.67,0.65,0.64,0.71,0.71,0.70,,XGBoost,0.48,0.81,0.6,0.62,0.43,0.51,0.78,0.73,0.75,0.67,0.63,0.66,0.62,0.69,0.67,0.67
,,,,,,,,,,,,,,,,,,,AdaBoost,0.5,0.69,0.58,0.75,0.39,0.51,0.75,0.82,0.78,0.69,0.67,0.63,0.63,0.71,0.69,0.68,,AdaBoost,0.4,0.75,0.52,0.64,0.3,0.41,0.77,0.75,0.76,0.64,0.6,0.6,0.56,0.68,0.64,0.63
,,,,,,,,,,,,,,,,,,,Extra Trees,0.57,0.81,0.67,0.67,0.26,0.38,0.76,0.85,0.8,0.7,0.66,0.64,0.62,0.7,0.7,0.68,,Extra Trees,0.46,0.81,0.59,0.44,0.17,0.25,0.72,0.75,0.73,0.62,0.54,0.58,0.52,0.61,0.62,0.59
,,,,,,,,,,,,,,,,,,,Lightgbm,0.58,0.69,0.63,0.60,0.39,0.47,0.77,0.84,0.8,0.7,0.65,0.64,0.63,0.69,0.7,0.69,,Lightgbm,0.46,0.75,0.57,0.59,0.43,0.5,0.78,0.73,0.75,0.66,0.61,0.64,0.61,0.68,0.66,0.66
,,,,,,,,,,,,,,,,,,,SVM,0.56,0.62,0.59,0.43,0.13,0.2,0.7,0.87,0.77,0.65,0.56,0.54,0.52,0.61,0.65,0.60,,SVM,0.52,0.69,0.59,0.5,0.17,0.26,0.71,0.84,0.77,0.65,0.58,0.57,0.54,0.63,0.65,0.61
,,,,,,,,,,,,,,,,,,,MLP,0.59,0.81,0.68,0.50,0.3,0.38,0.74,0.78,0.76,0.67,0.61,0.63,0.61,0.66,0.67,0.65,,MLP,0.5,0.81,0.62,0.41,0.3,0.35,0.75,0.69,0.72,0.62,0.55,0.6,0.56,0.62,0.62,0.61
,,,,,,,,,,,,,,,,,,,CatBoost,0.58,0.69,0.63,0.73,0.35,0.47,0.75,0.87,0.81,0.71,0.69,0.64,0.64,0.72,0.71,0.69,,CatBoost,0.48,0.75,0.59,0.70,0.3,0.42,0.75,0.8,0.77,0.67,0.64,0.62,0.59,0.69,0.67,0.66